"name","amg_person_id","top_genre","birthday","id"
"Spencer Tracy","P 71578","Drama","1900-04-05 00:00:00.000",1
"Helen Hayes","P 31226","Drama","1900-10-10 00:00:00.000",2
"Jean Arthur","P  2459","Comedy","1900-10-17 00:00:00.000",3
"Agnes Moorehead","P 50390","Comedy","1900-12-06 00:00:00.000",4
"Katina Paxinou","P 55568","Drama","1900-12-17 00:00:00.000",5
"Mildred Dunnock","P 20663","Drama","1901-01-25 00:00:00.000",6
"Clark Gable","P 10097","Drama","1901-02-01 00:00:00.000",7
"Ed Begley","P  5006","Drama","1901-03-25 00:00:00.000",8
"Melvyn Douglas","P 19878","Drama","1901-04-05 00:00:00.000",9
"Gary Cooper","P 14817","Drama","1901-05-07 00:00:00.000",10
"Vittorio De Sica","P 87213","Drama","1901-07-07 00:00:00.000",11
"James Dunn","P 20621","Drama","1901-11-02 00:00:00.000",12
"Lee Strasberg","P 68625","Crime","1901-11-17 00:00:00.000",13
"Stuart Erwin","P 22072","Comedy","1902-02-14 00:00:00.000",14
"Flora Robson","P 60865","Drama","1902-03-28 00:00:00.000",15
"Brian Aherne","P   499","Drama","1902-05-02 00:00:00.000",16
"Norma Shearer","P 65025","Drama","1902-08-10 00:00:00.000",17
"John Houseman","P 94949","Drama","1902-09-22 00:00:00.000",18
"Elsa Lanchester","P 40228","Comedy","1902-10-28 00:00:00.000",19
"Ralph Richardson","P 60087","Drama","1902-12-19 00:00:00.000",20
"Bing Crosby","P 15874","Comedy","1903-05-03 00:00:00.000",21
"Anne Revere","P 59718","Drama","1903-06-25 00:00:00.000",22
"Chill Wills","P 76661","Western","1903-07-18 00:00:00.000",23
"Claudette Colbert","P 14003","Drama","1903-09-13 00:00:00.000",24
"Dean Jagger","P 35003","Drama","1903-11-07 00:00:00.000",25
"Jack Oakie","P 53725","Comedy","1903-11-12 00:00:00.000",26
"Una Merkel","P 48558","Comedy","1903-12-10 00:00:00.000",27
"Cary Grant","P 28204","Comedy","1904-01-18 00:00:00.000",28
"John Gielgud","P 26803","Drama","1904-04-14 00:00:00.000",29
"Robert Montgomery","P103333","Drama","1904-05-21 00:00:00.000",30
"Ralph Bellamy","P  5165","Drama","1904-06-17 00:00:00.000",31
"Gladys George","P 26459","Drama","1904-09-13 00:00:00.000",32
"Greer Garson","P 26066","Drama","1904-09-29 00:00:00.000",33
"Ray Milland","P102824","Drama","1905-01-03 00:00:00.000",34
"Thelma Ritter","P 60402","Comedy","1905-02-14 00:00:00.000",35
"Robert Donat","P 19618","Drama","1905-03-18 00:00:00.000",36
"Henry Fonda","P 24097","Drama","1905-05-16 00:00:00.000",37
"Mildred Natwick","P 51957","Comedy","1905-06-19 00:00:00.000",38
"Thomas Gomez","P 27572","Drama","1905-07-10 00:00:00.000",39
"William Gargan","P 25942","Drama","1905-07-17 00:00:00.000",40
"Leo Genn","P 26399","Drama","1905-08-09 00:00:00.000",41
"Greta Garbo","P 25821","Drama","1905-09-18 00:00:00.000",42
"Mischa Auer","P  2817","Comedy","1905-11-17 00:00:00.000",43
"William Bendix","P  5281","Drama","1906-01-04 00:00:00.000",44
"Eddie Albert","P   669","Comedy","1906-04-22 00:00:00.000",45
"Mary Astor","P  2657","Drama","1906-05-03 00:00:00.000",46
"George Sanders","P 62948","Drama","1906-07-03 00:00:00.000",47
"John Huston","P 95260","Drama","1906-08-05 00:00:00.000",48
"Joan Blondell","P  6812","Comedy","1906-08-30 00:00:00.000",49
"Janet Gaynor","P 26244","Drama","1906-10-06 00:00:00.000",50
"Hermione Baddeley","P  3187","Comedy","1906-11-13 00:00:00.000",51
"Alexander Knox","P 38853","Drama","1907-01-16 00:00:00.000",52
"Katharine Hepburn","P 31873","Drama","1907-05-12 00:00:00.000",53
"Sir Laurence Olivier","P105057","Drama","1907-05-22 00:00:00.000",54
"Laurence Olivier","P105057","Drama","1907-05-22 00:00:00.000",55
"John Wayne","P116130","Western","1907-05-26 00:00:00.000",56
"Jack Albertson","P   695","Comedy","1907-06-16 00:00:00.000",57
"Barbara Stanwyck","P 67643","Drama","1907-07-16 00:00:00.000",58
"Burgess Meredith","P102566","Drama","1907-11-16 00:00:00.000",59
"Peggy Ashcroft","P  2516","Drama","1907-12-22 00:00:00.000",60
"John Mills","P102933","Drama","1908-02-22 00:00:00.000",61
"Rex Harrison","P 30718","Drama","1908-03-05 00:00:00.000",62
"Anna Magnani","P100751","Drama","1908-03-07 00:00:00.000",63
"Michael Redgrave","P 59205","Drama","1908-03-20 00:00:00.000",64
"Joan Crawford","P 15681","Drama","1908-03-23 00:00:00.000",65
"Arthur O'Connell","P 53319","Drama","1908-03-29 00:00:00.000",66
"Bette Davis","P 17295","Drama","1908-04-05 00:00:00.000",67
"Eve Arden","P  2128","Comedy","1908-04-30 00:00:00.000",68
"James Stewart","P 68236","Drama","1908-05-20 00:00:00.000",69
"Robert Morley","P 50731","Comedy","1908-05-26 00:00:00.000",70
"Don Ameche","P  1323","Comedy","1908-05-31 00:00:00.000",71
"Rosalind Russell","P 62246","Comedy","1908-06-04 00:00:00.000",72
"Jack Gilford","P 26814","Comedy","1908-07-25 00:00:00.000",73
"Tom Tully","P 72091","Drama","1908-08-21 00:00:00.000",74
"Carole Lombard","P 43021","Comedy","1908-10-06 00:00:00.000",75
"Celia Johnson","P 35792","Drama","1908-12-18 00:00:00.000",76
"Lew Ayres","P  3047","Drama","1908-12-28 00:00:00.000",77
"Ann Sothern","P 66971","Comedy","1909-01-22 00:00:00.000",78
"Josephine Hull","P 33882","Comedy","1909-02-27 00:00:00.000",79
"Patricia Collinge","P 14195","Drama","1909-03-07 00:00:00.000",80
"John Marley","P 45621","Drama","1909-03-22 00:00:00.000",81
"Juanita Moore","P 50324","Drama","1909-03-29 00:00:00.000",82
"Lila Kedrova","P 37296","Drama","1909-04-02 00:00:00.000",83
"John Dall","P 16661","Drama","1909-04-02 00:00:00.000",84
"Jocelyne Lagarde","P 39998","Drama","1909-04-07 00:00:00.000",85
"Rupert Crosse","P 15924","Adventure","1909-04-11 00:00:00.000",86
"Maggie McNamara","P 47955","Drama","1909-04-12 00:00:00.000",87
"Anne Ramsey","P 58676","Drama","1909-04-13 00:00:00.000",88
"Adolph Caesar","P 10141","Adventure","1909-04-18 00:00:00.000",89
"Ronee Blakley","P  6463","Drama","1909-04-30 00:00:00.000",90
"Leslie Browne","P  9074","Drama","1909-05-12 00:00:00.000",91
"James Mason","P101610","Drama","1909-05-15 00:00:00.000",92
"Jessica Tandy","P 69780","Drama","1909-06-07 00:00:00.000",93
"Burl Ives","P 34703","Drama","1909-06-14 00:00:00.000",94
"Barbara O'Neil","P 53572","Drama","1909-07-10 00:00:00.000",95
"Miliza Korjus","P 39118","Drama","1909-08-18 00:00:00.000",96
"Robert Ryan","P128119","Drama","1909-11-11 00:00:00.000",97
"Luise Rainer","P 58527","Drama","1910-01-12 00:00:00.000",98
"David Niven","P 52791","Comedy","1910-03-01 00:00:00.000",99
"Claire Trevor","P 71758","Drama","1910-03-08 00:00:00.000",100
"Paulette Goddard","P 27336","Comedy","1910-06-03 00:00:00.000",101
"Gloria Stuart","P 68812","Drama","1910-07-04 00:00:00.000",102
"Sylvia Sidney","P 65554","Drama","1910-08-08 00:00:00.000",103
"Van Heflin","P 31516","Drama","1910-12-13 00:00:00.000",104
"Arthur Hunnicutt","P 33950","Western","1911-02-17 00:00:00.000",105
"Margaret Sullavan","P 68972","Drama","1911-05-16 00:00:00.000",106
"Ellen Corby","P 14941","Drama","1911-06-13 00:00:00.000",107
"Ginger Rogers","P 61099","Comedy","1911-07-16 00:00:00.000",108
"Hume Cronyn","P 15864","Drama","1911-07-18 00:00:00.000",109
"Ruth Hussey","P 34127","Drama","1911-10-30 00:00:00.000",110
"Lee J. Cobb","P 13814","Drama","1911-12-09 00:00:00.000",111
"Broderick Crawford","P 15668","Drama","1911-12-09 00:00:00.000",112
"Jos_ Ferrer","P 89648","Drama","1912-01-08 00:00:00.000",113
"Karl Malden","P 44670","Drama","1912-03-22 00:00:00.000",114
"Hugh Griffith","P 28839","Comedy","1912-05-30 00:00:00.000",115
"Wendy Hiller","P 32374","Drama","1912-08-15 00:00:00.000",116
"Gene Kelly","P 97107","Musical","1912-08-23 00:00:00.000",117
"Martha Scott","P 64115","Drama","1912-09-22 00:00:00.000",118
"Cornel Wilde","P116764","Adventure","1912-10-13 00:00:00.000",119
"Loretta Young","P 78190","Drama","1913-01-16 00:00:00.000",120
"John Garfield","P187968","Drama","1913-03-04 00:00:00.000",121
"Anthony Quayle","P 58189","Drama","1913-09-07 00:00:00.000",122
"Burt Lancaster","P 98588","Drama","1913-11-02 00:00:00.000",123
"Gig Young","P 78166","Drama","1913-11-04 00:00:00.000",124
"Vivien Leigh","P 41659","Drama","1913-11-05 00:00:00.000",125
"Robert Strauss","P 68664","Comedy","1913-11-08 00:00:00.000",126
"Harold Russell","P 62220","Drama","1914-01-14 00:00:00.000",127
"John Ireland","P 95497","Drama","1914-01-30 00:00:00.000",128
"Kevin McCarthy","P101959","Drama","1914-02-15 00:00:00.000",129
"Arthur Kennedy","P 97175","Drama","1914-02-17 00:00:00.000",130
"Alec Guinness","P 29203","Comedy","1914-04-02 00:00:00.000",131
"Beatrice Straight","P 68592","Drama","1914-08-02 00:00:00.000",132
"Andrea Leeds","P 41546","Drama","1914-08-18 00:00:00.000",133
"Kay Medford","P 48176","Comedy","1914-09-14 00:00:00.000",134
"Geraldine Fitzgerald","P 23694","Drama","1914-11-24 00:00:00.000",135
"Larry Parks","P 55166","Musical","1914-12-13 00:00:00.000",136
"Richard Widmark","P 76135","Drama","1914-12-26 00:00:00.000",137
"Anthony Quinn","P107297","Drama","1915-04-21 00:00:00.000",138
"Orson Welles","P116368","Drama","1915-05-06 00:00:00.000",139
"Ingrid Bergman","P  5652","Drama","1915-08-29 00:00:00.000",140
"Edmond O'Brien","P 53260","Drama","1915-09-10 00:00:00.000",141
"Joyce Redman","P 59214","Drama","1915-12-09 00:00:00.000",142
"Frank Sinatra","P111632","Music [nf]","1915-12-12 00:00:00.000",143
"Jackie Gleason","P 27204","Comedy","1916-02-26 00:00:00.000",144
"Mercedes McCambridge","P 46916","Drama","1916-03-16 00:00:00.000",145
"Gregory Peck","P 55747","Drama","1916-04-05 00:00:00.000",146
"Dorothy McGuire","P 47552","Drama","1916-06-14 00:00:00.000",147
"Olivia de Havilland","P 17765","Drama","1916-07-01 00:00:00.000",148
"Peter Finch","P 23460","Drama","1916-09-28 00:00:00.000",149
"Trevor Howard","P 33529","Drama","1916-09-29 00:00:00.000",150
"Kirk Douglas","P 88133","Drama","1916-12-09 00:00:00.000",151
"Jane Wyman","P 77721","Comedy","1917-01-05 00:00:00.000",152
"Ernest Borgnine","P  7448","Drama","1917-01-24 00:00:00.000",153
"Celeste Holm","P 32955","Comedy","1917-04-29 00:00:00.000",154
"Robert Mitchum","P 49738","Drama","1917-08-06 00:00:00.000",155
"Joan Fontaine","P 24127","Drama","1917-10-22 00:00:00.000",156
"Dan Dailey","P 16585","Musical","1917-12-14 00:00:00.000",157
"William Holden","P 32805","Drama","1918-04-17 00:00:00.000",158
"Anne Shirley","P 65375","Drama","1918-04-17 00:00:00.000",159
"Robert Preston","P 57736","Drama","1918-06-08 00:00:00.000",160
"Ben Johnson","P 35776","Western","1918-06-13 00:00:00.000",161
"Susan Hayward","P 31331","Drama","1918-06-30 00:00:00.000",162
"Teresa Wright","P 77640","Drama","1918-10-27 00:00:00.000",163
"Art Carney","P 11090","Comedy","1918-11-04 00:00:00.000",164
"Jeff Chandler","P 12238","Drama","1918-12-05 00:00:00.000",165
"Robert Stack","P 67453","Drama","1919-01-13 00:00:00.000",166
"Red Buttons","P  9969","Drama","1919-02-05 00:00:00.000",167
"Jack Palance","P 54755","Drama","1919-02-18 00:00:00.000",168
"Jennifer Jones","P 36139","Drama","1919-03-02 00:00:00.000",169
"Eileen Heckart","P 31473","Drama","1919-03-29 00:00:00.000",170
"Dan O'Herlihy","P 53487","Drama","1919-05-01 00:00:00.000",171
"Richard Todd","P114276","Drama","1919-06-11 00:00:00.000",172
"Martin Balsam","P 3629","Drama","1919-11-04 00:00:00.000",173
"Jo Van Fleet","P 23839","Drama","1919-12-30 00:00:00.000",174
"Vincent Gardenia","P 25883","Comedy","1920-01-07 00:00:00.000",175
"Peggy Lee","P 99164","Music [nf]","1920-05-26 00:00:00.000",176
"Yul Brynner","P  9264","Drama","1920-07-11 00:00:00.000",177
"Beah Richards","P 60007","Drama","1920-07-12 00:00:00.000",178
"Shelley Winters","P 77029","Drama","1920-08-18 00:00:00.000",179
"Richard Farnsworth","P 22732","Drama","1920-09-01 00:00:00.000",180
"Jack Warden","P 74681","Comedy","1920-09-18 00:00:00.000",181
"Mickey Rooney","P108826","Comedy","1920-09-23 00:00:00.000",182
"Walter Matthau","P 46456","Comedy","1920-10-01 00:00:00.000",183
"Montgomery Clift","P 13682","Drama","1920-10-17 00:00:00.000",184
"Gene Tierney","P 70970","Drama","1920-11-19 00:00:00.000",185
"Joe Mantell","P 45199","Drama","1920-12-21 00:00:00.000",186
"Donna Reed","P 59251","Drama","1921-01-27 00:00:00.000",187
"Carol Channing","P 12301","Comedy","1921-01-31 00:00:00.000",188
"Lana Turner","P 72175","Drama","1921-02-08 00:00:00.000",189
"Simone Signoret","P 65603","Drama","1921-03-25 00:00:00.000",190
"Nancy Kelly","P 97117","Drama","1921-03-25 00:00:00.000",191
"Jan Sterling","P 68035","Drama","1921-04-03 00:00:00.000",192
"Peter Ustinov","P114937","Comedy","1921-04-16 00:00:00.000",193
"Judy Holliday","P 32908","Comedy","1921-06-21 00:00:00.000",194
"Susan Peters","P 56305","Drama","1921-07-03 00:00:00.000",195
"Deborah Kerr","P 37896","Drama","1921-09-30 00:00:00.000",196
"James Whitmore","P 76027","Drama","1921-10-01 00:00:00.000",197
"Paul Scofield","P 64000","Drama","1922-01-21 00:00:00.000",198
"Margaret Leighton","P 41693","Drama","1922-02-26 00:00:00.000",199
"Jack Kruschen","P 39495","Comedy","1922-03-20 00:00:00.000",200
"Denholm Elliott","P 21589","Drama","1922-05-31 00:00:00.000",201
"Judy Garland","P 25962","Musical","1922-06-10 00:00:00.000",202
"Eleanor Parker","P 55087","Drama","1922-06-26 00:00:00.000",203
"Jason Robards","P 35299","Drama","1922-07-26 00:00:00.000",204
"Grayson Hall","P 1999412",,"1922-09-18 00:00:00.000",205
"Barbara Bel Geddes","P  5048","Drama","1922-10-31 00:00:00.000",206
"Dorothy Dandridge","P 16799","Drama","1922-11-09 00:00:00.000",207
"Kim Hunter","P 34023","Drama","1922-11-12 00:00:00.000",208
"Oskar Werner","P 75563","Drama","1922-11-13 00:00:00.000",209
"Ava Gardner","P 25893","Drama","1922-12-24 00:00:00.000",210
"Bonita Granville","P 28270","Drama","1923-02-02 00:00:00.000",211
"Dexter Gordon","P 92097","Music [nf]","1923-02-27 00:00:00.000",212
"Charles Durning","P 20780","Comedy","1923-02-28 00:00:00.000",213
"Anne Baxter","P  4663","Drama","1923-05-07 00:00:00.000",214
"Jean Hagen","P 29551","Drama","1923-08-03 00:00:00.000",215
"Marcello Mastroianni","P 46339","Drama","1923-09-28 00:00:00.000",216
"Glynis Johns","P 96142","Drama","1923-10-05 00:00:00.000",217
"Melina Mercouri","P 48509","Drama","1923-10-18 00:00:00.000",218
"Gloria Grahame","P 28125","Drama","1923-11-28 00:00:00.000",219
"Betsy Blair","P  6520","Drama","1923-12-11 00:00:00.000",220
"Ron Moody","P 50234","Comedy","1924-01-08 00:00:00.000",221
"Katy Jurado","P 36544","Drama","1924-01-16 00:00:00.000",222
"Telly Savalas","P109992","Drama","1924-01-21 00:00:00.000",223
"Lee Marvin","P 46149","Drama","1924-02-19 00:00:00.000",224
"Marlon Brando","P  8070","Drama","1924-04-03 00:00:00.000",225
"Doris Day","P 17533","Comedy","1924-04-03 00:00:00.000",226
"Nina Foch","P 24043","Drama","1924-04-20 00:00:00.000",227
"Theodore Bikel","P  6169","Drama","1924-05-02 00:00:00.000",228
"Peggy Cass","P 11618","Drama","1924-05-21 00:00:00.000",229
"Eva Marie Saint","P 62641","Drama","1924-07-04 00:00:00.000",230
"Martha Hyer","P 34234","Drama","1924-08-10 00:00:00.000",231
"Lauren Bacall","P  3116","Drama","1924-09-16 00:00:00.000",232
"Charlton Heston","P 94233","History [nf]","1924-10-04 00:00:00.000",233
"Ruby Dee","P 18243","Drama","1924-10-27 00:00:00.000",234
"Geraldine Page","P 54660","Drama","1924-11-22 00:00:00.000",235
"Valentina Cortese","P 15148","Drama","1925-01-01 00:00:00.000",236
"Paul Newman","P104390","Drama","1925-01-26 00:00:00.000",237
"Dorothy Malone","P 44892","Drama","1925-01-30 00:00:00.000",238
"Jack Lemmon","P 99306","Comedy","1925-02-08 00:00:00.000",239
"Kim Stanley","P 67600","Drama","1925-02-11 00:00:00.000",240
"Hal Holbrook","P 32790","Drama","1925-02-17 00:00:00.000",241
"George Kennedy","P 37705","Drama","1925-02-18 00:00:00.000",242
"Rod Steiger","P 67882","Drama","1925-04-14 00:00:00.000",243
"Colette Marchand","P 45323","Drama","1925-04-29 00:00:00.000",244
"Jeanne Crain","P 15581","Drama","1925-05-25 00:00:00.000",245
"Tony Curtis","P 86429","Drama","1925-06-03 00:00:00.000",246
"Maureen Stapleton","P 67653","Drama","1925-06-21 00:00:00.000",247
"Cara Williams","P 76395","Drama","1925-06-29 00:00:00.000",248
"Peter Sellers","P 64447","Comedy","1925-09-08 00:00:00.000",249
"Cliff Robertson","P108502","Drama","1925-09-09 00:00:00.000",250
"Angela Lansbury","P 40519","Drama","1925-10-16 00:00:00.000",251
"Richard Burton","P 83664","Drama","1925-11-10 00:00:00.000",252
"Rock Hudson","P 33748","Drama","1925-11-17 00:00:00.000",253
"Julie Harris","P212209","Drama","1925-12-02 00:00:00.000",254
"Patricia Neal","P 52027","Drama","1926-01-20 00:00:00.000",255
"Joan Lorring","P 43159","Drama","1926-04-17 00:00:00.000",256
"Cloris Leachman","P 41211","Comedy","1926-04-30 00:00:00.000",257
"Frank Finlay","P 23510","Drama","1926-08-06 00:00:00.000",258
"Richard Jaeckel","P 34973","Drama","1926-10-10 00:00:00.000",259
"Sidney Poitier","P106725","Drama","1927-02-20 00:00:00.000",260
"Emmanuelle Riva","P 60411","Drama","1927-02-24 00:00:00.000",261
"Janet Leigh","P 41670","Drama","1927-07-06 00:00:00.000",262
"Robert Shaw","P111051","Drama","1927-08-09 00:00:00.000",263
"Peter Falk","P 22575","Mystery","1927-09-16 00:00:00.000",264
"Rachel Roberts","P 60655","Drama","1927-09-20 00:00:00.000",265
"George C. Scott","P110557","Drama","1927-10-18 00:00:00.000",266
"Lee Grant","P 92333","Drama","1927-10-31 00:00:00.000",267
"Estelle Parsons","P 55233","Comedy","1927-11-20 00:00:00.000",268
"Stuart Whitman","P 76023","Drama","1928-02-01 00:00:00.000",269
"James Garner","P 25985","Drama","1928-04-07 00:00:00.000",270
"Ian Bannen","P  3742","Drama","1928-06-29 00:00:00.000",271
"Nancy Olson","P 54075","Drama","1928-07-14 00:00:00.000",272
"Ann Blyth","P  6922","Drama","1928-08-16 00:00:00.000",273
"James Coburn","P195536","Western","1928-08-31 00:00:00.000",274
"William Hickey","P 32157","Comedy","1928-09-19 00:00:00.000",275
"Laurence Harvey","P 93645","Drama","1928-10-01 00:00:00.000",276
"Anthony Franciosa","P 24663","Drama","1928-10-28 00:00:00.000",277
"Terry Moore","P103400","Drama","1929-01-07 00:00:00.000",278
"Jean Simmons","P 65749","Drama","1929-01-31 00:00:00.000",279
"Miyoshi Umeki","P 72422","Romance","1929-04-03 00:00:00.000",280
"Nigel Hawthorne","P 31147","Drama","1929-04-05 00:00:00.000",281
"Max von Sydow","P 69424","Drama","1929-04-10 00:00:00.000",282
"Audrey Hepburn","P 31869","Comedy","1929-05-04 00:00:00.000",283
"Vivien Merchant","P 48496","Drama","1929-07-22 00:00:00.000",284
"Don Murray","P103863","Drama","1929-07-31 00:00:00.000",285
"Fernanda Montenegro","P122586","Drama","1929-10-16 00:00:00.000",286
"Joan Plowright","P 57101","Drama","1929-10-28 00:00:00.000",287
"Grace Kelly","P 37518","Romance","1929-11-12 00:00:00.000",288
"John Cassavetes","P 84410","Drama","1929-12-09 00:00:00.000",289
"Christopher Plummer","P 57110","Drama","1929-12-13 00:00:00.000",290
"Robert Loggia","P 42988","Drama","1930-01-03 00:00:00.000",291
"Gene Hackman","P 29486","Drama","1930-01-30 00:00:00.000",292
"Lynn Carlin","P 10953","Drama","1930-01-31 00:00:00.000",293
"Joanne Woodward","P117305","Drama","1930-02-27 00:00:00.000",294
"James Coco","P 13873","Comedy","1930-03-21 00:00:00.000",295
"Steve McQueen","P 48038","Drama","1930-03-24 00:00:00.000",296
"Carolyn Jones","P 36060","Drama","1930-04-28 00:00:00.000",297
"Clint Eastwood","P 88601","Drama","1930-05-31 00:00:00.000",298
"Gena Rowlands","P 61889","Drama","1930-06-19 00:00:00.000",299
"Sean Connery","P 10646","Action","1930-08-25 00:00:00.000",300
"Rosemary Harris","P 30676","Drama","1930-09-19 00:00:00.000",301
"Richard Harris","P 93538","Drama","1930-10-01 00:00:00.000",302
"Maximilian Schell","P110140","Drama","1930-12-08 00:00:00.000",303
"Armin Mueller-Stahl","P 51163","Drama","1930-12-17 00:00:00.000",304
"Robert Duvall","P 88530","Drama","1931-01-05 00:00:00.000",305
"James Earl Jones","P 36131","Drama","1931-01-17 00:00:00.000",306
"Rip Torn","P114388","Drama","1931-02-06 00:00:00.000",307
"James Dean","P 18134","Drama","1931-02-08 00:00:00.000",308
"Barbara Barrie","P  4184","Drama","1931-05-23 00:00:00.000",309
"Carroll Baker","P  3377","Drama","1931-05-28 00:00:00.000",310
"Olympia Dukakis","P 20452","Drama","1931-06-20 00:00:00.000",311
"Martin Landau","P 40247","Spy Film","1931-06-20 00:00:00.000",312
"Leslie Caron","P 11131","Drama","1931-07-01 00:00:00.000",313
"Nick Adams","P   308","Drama","1931-07-10 00:00:00.000",314
"Ian Holm","P 32962","Drama","1931-09-12 00:00:00.000",315
"Anne Bancroft","P 80576","Drama","1931-09-17 00:00:00.000",316
"Hope Lange","P 40445","Drama","1931-11-28 00:00:00.000",317
"Rita Moreno","P 50535","Drama","1931-12-11 00:00:00.000",318
"Piper Laurie","P 40813","Drama","1932-01-22 00:00:00.000",319
"Elizabeth Taylor","P 70015","Drama","1932-02-27 00:00:00.000",320
"Debbie Reynolds","P 59782","Comedy","1932-04-01 00:00:00.000",321
"Anthony Perkins","P106120","Drama","1932-04-04 00:00:00.000",322
"Omar Sharif","P 64847","Drama","1932-04-10 00:00:00.000",323
"Joel Grey","P 28728","Drama","1932-04-11 00:00:00.000",324
"Anouk Aimee","P   534","Drama","1932-04-27 00:00:00.000",325
"Marisa Pavan","P 55534","Drama","1932-06-19 00:00:00.000",326
"Noriyuki 'Pat' Morita","P 50707","Comedy","1932-06-28 00:00:00.000",327
"Peter O'Toole","P 53681","Drama","1932-08-02 00:00:00.000",328
"Eileen Brennan","P  8300","Comedy","1932-09-03 00:00:00.000",329
"Sylvia Miles","P 49125","Comedy","1932-09-09 00:00:00.000",330
"Roy Scheider","P 63580","Drama","1932-11-10 00:00:00.000",331
"Robert Vaughn","P 73149","Action","1932-11-22 00:00:00.000",332
"Ellen Burstyn","P  9777","Drama","1932-12-07 00:00:00.000",333
"Mary Ure","P 72480","Drama","1933-02-18 00:00:00.000",334
"Michael Caine","P 10198","Thriller","1933-03-14 00:00:00.000",335
"Gene Wilder","P116771","Comedy","1933-06-11 00:00:00.000",336
"Danny Aiello","P   421","Comedy","1933-06-20 00:00:00.000",337
"Richard Castellano","P 11706","Crime","1933-09-04 00:00:00.000",338
"Diane Cilento","P 13205","Drama","1933-10-05 00:00:00.000",339
"Daniel Massey","P 46290","Drama","1933-10-10 00:00:00.000",340
"Mako","P 44765","Action","1933-12-10 00:00:00.000",341
"Cicely Tyson","P 72317","Drama","1933-12-19 00:00:00.000",342
"George Segal","P 64316","Children's/Family","1934-02-13 00:00:00.000",343
"Alan Bates","P  4517","Drama","1934-02-17 00:00:00.000",344
"Joan Hackett","P 29476","Drama","1934-03-01 00:00:00.000",345
"Alan Arkin","P 79913","Comedy","1934-03-26 00:00:00.000",346
"Shirley Jones","P 36222","Comedy","1934-03-31 00:00:00.000",347
"Shirley MacLaine","P 44255","Comedy","1934-04-24 00:00:00.000",348
"Louise Fletcher","P 23906","Drama","1934-07-22 00:00:00.000",349
"George Chakiris","P 12080","Drama","1934-09-16 00:00:00.000",350
"Sophia Loren","P 43272","Comedy","1934-09-20 00:00:00.000",351
"Michael Dunn","P 20627","Drama","1934-10-20 00:00:00.000",352
"Judi Dench","P 18570","Children's/Family","1934-12-09 00:00:00.000",353
"Maggie Smith","P 66495","Comedy","1934-12-28 00:00:00.000",354
"Russ Tamblyn","P 69732","Comedy","1934-12-30 00:00:00.000",355
"Seymour Cassel","P 11636","Drama","1935-01-22 00:00:00.000",356
"Judd Hirsch","P 32513","Drama","1935-03-15 00:00:00.000",357
"Dudley Moore","P103371","Comedy","1935-04-19 00:00:00.000",358
"Diahann Carroll","P 11302","Drama","1935-07-17 00:00:00.000",359
"Barbara Harris","P 30591","Comedy","1935-07-25 00:00:00.000",360
"Topol","P 71360","Drama","1935-09-09 00:00:00.000",361
"Julie Andrews","P  1721","Comedy","1935-10-01 00:00:00.000",362
"Diane Ladd","P 39955","Drama","1935-11-29 00:00:00.000",363
"Woody Allen","P 79388","Comedy","1935-12-01 00:00:00.000",364
"Lee Remick","P 59559","Drama","1935-12-14 00:00:00.000",365
"Alan Alda","P 79264","Comedy","1936-01-28 00:00:00.000",366
"Burt Reynolds","P108069","Comedy","1936-02-11 00:00:00.000",367
"Dean Stockwell","P 68385","Drama","1936-03-05 00:00:00.000",368
"Norma Aleandro","P   775","Drama","1936-05-02 00:00:00.000",369
"Glenda Jackson","P 34812","Drama","1936-05-09 00:00:00.000",370
"Albert Finney","P 23545","Drama","1936-05-09 00:00:00.000",371
"Bobby Darin","P 17011","Music [nf]","1936-05-14 00:00:00.000",372
"Dennis Hopper","P 94825","Drama","1936-05-17 00:00:00.000",373
"Louis Gossett, Jr.","P 27923","Drama","1936-05-27 00:00:00.000",374
"Bruce Dern","P 18703","Drama","1936-06-04 00:00:00.000",375
"Shirley Knight","P 38816","Drama","1936-07-05 00:00:00.000",376
"Robert Redford","P107758","Drama","1936-08-18 00:00:00.000",377
"Susan Kohner","P 38970","Drama","1936-11-11 00:00:00.000",378
"Mary Tyler Moore","P 50344","Comedy","1936-12-29 00:00:00.000",379
"Dyan Cannon","P 84025","Comedy","1937-01-04 00:00:00.000",380
"Vanessa Redgrave","P 59206","Drama","1937-01-30 00:00:00.000",381
"Tom Courtenay","P 15355","Drama","1937-02-25 00:00:00.000",382
"Warren Beatty","P 81105","Comedy","1937-03-30 00:00:00.000",383
"Jack Nicholson","P104455","Drama","1937-04-22 00:00:00.000",384
"Sandy Dennis","P 18627","Drama","1937-04-27 00:00:00.000",385
"Morgan Freeman","P 90514","Drama","1937-06-01 00:00:00.000",386
"Sally Kellerman","P 37443","Comedy","1937-06-02 00:00:00.000",387
"Ned Beatty","P  4810","Drama","1937-07-06 00:00:00.000",388
"Dustin Hoffman","P 94585","Drama","1937-08-08 00:00:00.000",389
"Jane Fonda","P 24098","Health & Fitness [nf]","1937-12-21 00:00:00.000",390
"Anthony Hopkins","P 94812","Drama","1937-12-31 00:00:00.000",391
"Victor Buono","P  9520","Comedy","1938-02-03 00:00:00.000",392
"Diane Varsi","P 73076","Drama","1938-02-23 00:00:00.000",393
"Natalie Wood","P 77340","Drama","1938-07-20 00:00:00.000",394
"Terence Stamp","P 67541","Drama","1938-07-22 00:00:00.000",395
"Elliott Gould","P 27972","Comedy","1938-08-29 00:00:00.000",396
"Leonard Frey","P 25060","Comedy","1938-09-04 00:00:00.000",397
"Liv Ullmann","P114863","Drama","1938-12-16 00:00:00.000",398
"Frederic Forrest","P 24332","Drama","1938-12-23 00:00:00.000",399
"Jon Voight","P115561","Drama","1938-12-29 00:00:00.000",400
"Susannah York","P 78084","Drama","1939-01-09 00:00:00.000",401
"Sal Mineo","P 49470","Drama","1939-01-10 00:00:00.000",402
"Janet Suzman","P 69238","Drama","1939-02-09 00:00:00.000",403
"Samantha Eggar","P 21328","Drama","1939-03-05 00:00:00.000",404
"Ali MacGraw","P 44193","Drama","1939-04-01 00:00:00.000",405
"Jason Miller","P102867","Drama","1939-04-22 00:00:00.000",406
"Harvey Keitel","P 37381","Drama","1939-05-13 00:00:00.000",407
"Paul Winfield","P 76898","History [nf]","1939-05-22 00:00:00.000",408
"Ian McKellen","P 47684","Drama","1939-05-25 00:00:00.000",409
"Michael J. Pollard","P 57242","Comedy","1939-05-30 00:00:00.000",410
"Karen Black","P 82001","Drama","1939-07-01 00:00:00.000",411
"Lily Tomlin","P114336","Comedy","1939-09-01 00:00:00.000",412
"Jeannie Berlin","P 81584","Comedy","1939-09-06 00:00:00.000",413
"Melinda Dillon","P 19211","Drama","1939-10-13 00:00:00.000",414
"F. Murray Abraham","P   138","Drama","1939-10-24 00:00:00.000",415
"Jane Alexander","P   831","Drama","1939-10-28 00:00:00.000",416
"Brenda Vaccaro","P 72539","Drama","1939-11-18 00:00:00.000",417
"Frank Langella","P 40453","Drama","1940-01-01 00:00:00.000",418
"Margaret Avery","P  2955","Drama","1940-01-20 00:00:00.000",419
"John Hurt","P 34099","Drama","1940-01-22 00:00:00.000",420
"James Cromwell","P 15842","Drama","1940-01-27 00:00:00.000",421
"Katharine Ross","P 61632","Drama","1940-01-29 00:00:00.000",422
"Peter Fonda","P 90081","Drama","1940-02-23 00:00:00.000",423
"Haing S. Ngor","P 52508","Drama","1940-03-22 00:00:00.000",424
"James Caan","P 83766","Drama","1940-03-26 00:00:00.000",425
"Al Pacino","P 54596","Drama","1940-04-25 00:00:00.000",426
"Burt Young","P 78134","Drama","1940-04-30 00:00:00.000",427
"Pauline Collins","P 14262","Drama","1940-09-03 00:00:00.000",428
"Sam Waterston","P 74941","Drama","1940-11-15 00:00:00.000",429
"Faye Dunaway","P 20518","Drama","1941-01-14 00:00:00.000",430
"Nick Nolte","P 52916","Drama","1941-02-08 00:00:00.000",431
"Julie Christie","P 13030","Drama","1941-04-14 00:00:00.000",432
"Ryan O'Neal","P 53567","Comedy","1941-04-20 00:00:00.000",433
"Ann-Margret","P  1846","Comedy","1941-04-28 00:00:00.000",434
"Michael Lerner","P 41931","Comedy","1941-06-22 00:00:00.000",435
"Robert Forster","P 90191","Drama","1941-07-13 00:00:00.000",436
"Tom Conti","P 14627","Drama","1941-11-22 00:00:00.000",437
"Sarah Miles","P 49123","Drama","1941-12-31 00:00:00.000",438
"Marsha Mason","P 46247","Comedy","1942-04-03 00:00:00.000",439
"Brandon De Wilde","P 87261","Drama","1942-04-09 00:00:00.000",440
"Barbra Streisand","P112652","Music [nf]","1942-04-24 00:00:00.000",441
"Genevieve Bujold","P  9433","Drama","1942-07-01 00:00:00.000",442
"Harrison Ford","P 24238","Drama","1942-07-13 00:00:00.000",443
"Giancarlo Giannini","P 91430","Drama","1942-07-13 00:00:00.000",444
"Chris Sarandon","P 63156","Drama","1942-07-24 00:00:00.000",445
"Madeline Kahn","P 36650","Comedy","1942-09-29 00:00:00.000",446
"Bob Hoskins","P 33185","Drama","1942-10-26 00:00:00.000",447
"Joe Pesci","P 56237","Comedy","1943-02-09 00:00:00.000",448
"Lynn Redgrave","P 59204","Drama","1943-03-08 00:00:00.000",449
"Christopher Walken","P 74206","Comedy","1943-03-31 00:00:00.000",450
"Klaus Maria Brandauer","P 82796","Drama","1943-06-22 00:00:00.000",451
"Robert De Niro","P 17593","Drama","1943-08-17 00:00:00.000",452
"Tuesday Weld","P 75377","Drama","1943-08-27 00:00:00.000",453
"Valerie Perrine","P 56123","Drama","1943-09-03 00:00:00.000",454
"Catherine Deneuve","P 18574","Drama","1943-10-22 00:00:00.000",455
"Sam Shepard","P111142","Drama","1943-11-05 00:00:00.000",456
"Elizabeth Hartman","P 30824","Drama","1943-12-23 00:00:00.000",457
"Ben Kingsley","P 38383","Drama","1943-12-31 00:00:00.000",458
"Stockard Channing","P 12304","Drama","1944-02-13 00:00:00.000",459
"Marie-Christine Barrault","P  4133","Drama","1944-03-21 00:00:00.000",460
"Diana Ross","P 61607","Music [nf]","1944-03-26 00:00:00.000",461
"Jill Clayburgh","P 13546","Drama","1944-04-30 00:00:00.000",462
"Gary Busey","P  9844","Drama","1944-06-29 00:00:00.000",463
"Michael Douglas","P 88134","Drama","1944-09-25 00:00:00.000",464
"Sally Kirkland","P 38510","Drama","1944-10-31 00:00:00.000",465
"Teri Garr","P 26007","Comedy","1944-12-11 00:00:00.000",466
"Pete Postlethwaite","P 57436","Drama","1945-02-07 00:00:00.000",467
"Brenda Fricker","P 25069","Drama","1945-02-17 00:00:00.000",468
"Susan Tyrrell","P 72315","Drama","1945-03-18 00:00:00.000",469
"Linda Hunt","P 33978","History [nf]","1945-04-02 00:00:00.000",470
"Helen Mirren","P 49576","Drama","1945-07-26 00:00:00.000",471
"Patty McCormack","P 44128","Drama","1945-08-21 00:00:00.000",472
"John Lithgow","P 42686","Drama","1945-10-19 00:00:00.000",473
"Goldie Hawn","P 31138","Comedy","1945-11-21 00:00:00.000",474
"Bette Midler","P102748","Comedy","1945-12-01 00:00:00.000",475
"Diane Keaton","P 96996","Comedy","1946-01-05 00:00:00.000",476
"Brenda Blethyn","P  6748","Drama","1946-02-20 00:00:00.000",477
"Liza Minnelli","P 49495","Music [nf]","1946-03-12 00:00:00.000",478
"Talia Shire","P 65369","Drama","1946-04-25 00:00:00.000",479
"Candice Bergen","P  5591","Comedy","1946-05-09 00:00:00.000",480
"Cher","P 12664","Comedy","1946-05-20 00:00:00.000",481
"Bruce Davison","P 17454","Drama","1946-06-28 00:00:00.000",482
"Sylvester Stallone","P112464","Drama","1946-07-06 00:00:00.000",483
"Lesley Ann Warren","P 74788","Drama","1946-08-16 00:00:00.000",484
"Tommy Lee Jones","P 36238","Drama","1946-09-15 00:00:00.000",485
"Susan Sarandon","P 63158","Drama","1946-10-04 00:00:00.000",486
"Carrie Snodgress","P 66677","Drama","1946-10-27 00:00:00.000",487
"Stephen Rea","P 59079","Drama","1946-10-31 00:00:00.000",488
"Sally Field","P 89714","Comedy","1946-11-06 00:00:00.000",489
"Patty Duke","P  2648","Drama","1946-12-14 00:00:00.000",490
"Edward James Olmos","P105065","Drama","1947-02-24 00:00:00.000",491
"Glenn Close","P 13725","Drama","1947-03-19 00:00:00.000",492
"James Woods","P117297","Drama","1947-04-18 00:00:00.000",493
"Richard Jenkins","P 35464","Drama","1947-05-04 00:00:00.000",494
"Jacki Weaver","P 75131","Drama","1947-05-25 00:00:00.000",495
"Sondra Locke","P100009","Drama","1947-05-28 00:00:00.000",496
"Candy Clark","P 13342","Drama","1947-06-20 00:00:00.000",497
"Albert Brooks","P 83146","Comedy","1947-07-22 00:00:00.000",498
"Anne Archer","P  2102","Drama","1947-08-25 00:00:00.000",499
"Kevin Kline","P 38699","Comedy","1947-10-24 00:00:00.000",500
"Richard Dreyfuss","P 88268","Drama","1947-10-29 00:00:00.000",501
"Mikhail Baryshnikov","P 80911","Dance [nf]","1948-01-27 00:00:00.000",502
"Barbara Hershey","P 32030","Drama","1948-02-05 00:00:00.000",503
"Mercedes Ruehl","P 62063","Comedy","1948-02-28 00:00:00.000",504
"Penelope Milford","P 49135","Drama","1948-03-23 00:00:00.000",505
"Dianne Wiest","P 76163","Drama","1948-03-28 00:00:00.000",506
"Lindsay Crouse","P 15941","Drama","1948-05-12 00:00:00.000",507
"Kathy Bates","P  4516","Drama","1948-06-28 00:00:00.000",508
"Jeremy Irons","P 34545","Drama","1948-09-19 00:00:00.000",509
"Tom Wilkinson","P 76333","Drama","1948-12-12 00:00:00.000",510
"Samuel L. Jackson","P 34866","Drama","1948-12-21 00:00:00.000",511
"Gerard Depardieu","P 87517","Drama","1948-12-27 00:00:00.000",512
"David Strathairn","P 68638","Drama","1949-01-26 00:00:00.000",513
"Jessica Lange","P 40447","Drama","1949-04-20 00:00:00.000",514
"Jim Broadbent","P  8575","Drama","1949-05-24 00:00:00.000",515
"Tom Berenger","P  5539","Thriller","1949-05-31 00:00:00.000",516
"Meryl Streep","P 68676","Drama","1949-06-22 00:00:00.000",517
"Sigourney Weaver","P 75144","Comedy","1949-10-08 00:00:00.000",518
"Jeff Bridges","P  3197","Drama","1949-12-04 00:00:00.000",519
"Sissy Spacek","P 67043","Drama","1949-12-25 00:00:00.000",520
"Julie Walters","P 74515","Drama","1950-02-22 00:00:00.000",521
"William H. Macy","P 44480","Drama","1950-03-13 00:00:00.000",522
"Brad Dourif","P 19921","Horror","1950-03-18 00:00:00.000",523
"William Hurt","P 34104","Drama","1950-03-20 00:00:00.000",524
"Christine Lahti","P 40020","Drama","1950-04-04 00:00:00.000",525
"Tess Harper","P 30532","Drama","1950-08-15 00:00:00.000",526
"Amy Madigan","P 44507","Drama","1950-09-11 00:00:00.000",527
"Bill Murray","P103861","Comedy","1950-09-21 00:00:00.000",528
"Randy Quaid","P 58162","Comedy","1950-10-01 00:00:00.000",529
"Howard E. Rollins, Jr.","P 61237","Drama","1950-10-17 00:00:00.000",530
"Ed Harris","P 30614","Drama","1950-11-28 00:00:00.000",531
"Kate Nelligan","P 52151","Drama","1951-03-16 00:00:00.000",532
"Geoffrey Rush","P151418","Drama","1951-07-06 00:00:00.000",533
"Anjelica Huston","P 34131","Drama","1951-07-08 00:00:00.000",534
"Chris Cooper","P 14803","Drama","1951-07-09 00:00:00.000",535
"Robin Williams","P116900","Comedy","1951-07-21 00:00:00.000",536
"Massimo Troisi","P 71835","Drama","1952-02-19 00:00:00.000",537
"Mary McDonnell","P 47297","Drama","1952-04-28 00:00:00.000",538
"Shohreh Aghdashloo","P130170","Drama","1952-05-11 00:00:00.000",539
"Chazz Palminteri","P 54860","Drama","1952-05-15 00:00:00.000",540
"Liam Neeson","P 52070","Drama","1952-06-07 00:00:00.000",541
"Carol Kane","P 36788","Comedy","1952-06-18 00:00:00.000",542
"Graham Greene","P199626","Drama","1952-06-22 00:00:00.000",543
"Dan Aykroyd","P 80282","Comedy","1952-07-01 00:00:00.000",544
"Mickey Rourke","P 61810","Drama","1952-09-16 00:00:00.000",545
"Jack Wild","P 76221","Drama","1952-09-30 00:00:00.000",546
"Mary Badham","P  3201","Drama","1952-10-07 00:00:00.000",547
"Roberto Benigni","P 81377","Comedy","1952-10-27 00:00:00.000",548
"Alfre Woodard","P 77363","Drama","1952-11-08 00:00:00.000",549
"Mary Steenburgen","P 67856","Drama","1953-02-08 00:00:00.000",550
"Amy Irving","P 34559","Drama","1953-09-10 00:00:00.000",551
"Peter Firth","P 23592","Drama","1953-10-27 00:00:00.000",552
"Tom Hulce","P 33864","Drama","1953-12-06 00:00:00.000",553
"Kim Basinger","P  4427","Drama","1953-12-08 00:00:00.000",554
"John Malkovich","P 44846","Drama","1953-12-09 00:00:00.000",555
"Oprah Winfrey","P 76901","Drama","1954-01-29 00:00:00.000",556
"John Travolta","P 71670","Comedy","1954-02-18 00:00:00.000",557
"Kathleen Turner","P 72173","Comedy","1954-06-19 00:00:00.000",558
"David Paymer","P 55587","Comedy","1954-08-30 00:00:00.000",559
"Lorraine Bracco","P  7886","Drama","1954-10-02 00:00:00.000",560
"Kathleen Quinlan","P 58258","Drama","1954-11-19 00:00:00.000",561
"Denzel Washington","P 74843","Drama","1954-12-28 00:00:00.000",562
"Kevin Costner","P 15189","History [nf]","1955-01-18 00:00:00.000",563
"Gary Sinise","P111667","Drama","1955-03-17 00:00:00.000",564
"Lena Olin","P 53961","Drama","1955-03-22 00:00:00.000",565
"Judy Davis","P 17373","Drama","1955-04-23 00:00:00.000",566
"Michael O'Keefe","P 53494","Drama","1955-04-24 00:00:00.000",567
"Debra Winger","P 76921","Drama","1955-05-16 00:00:00.000",568
"Isabelle Adjani","P   374","Drama","1955-06-27 00:00:00.000",569
"Willem Dafoe","P 16547","Drama","1955-07-22 00:00:00.000",570
"Billy Bob Thornton","P 70825","Drama","1955-08-04 00:00:00.000",571
"Diana Scarwid","P 63507","Drama","1955-08-27 00:00:00.000",572
"Whoopi Goldberg","P 27431","Comedy","1955-11-13 00:00:00.000",573
"Imelda Staunton","P 67757","Drama","1956-01-09 00:00:00.000",574
"Geena Davis","P 17342","Comedy","1956-01-21 00:00:00.000",575
"Adriana Barraza","P475242","Drama","1956-03-05 00:00:00.000",576
"Andy Garcia","P196022","Drama","1956-04-12 00:00:00.000",577
"Eric Roberts","P108473","Thriller","1956-04-18 00:00:00.000",578
"Tom Hanks","P 93341","Comedy","1956-07-09 00:00:00.000",579
"Joan Allen","P  1026","Drama","1956-08-20 00:00:00.000",580
"Christoph Waltz","P221135","Drama","1956-10-04 00:00:00.000",581
"Daniel Day Lewis","P 17559","Drama","1957-04-29 00:00:00.000",582
"Daniel Day-Lewis","P 17559","Drama","1957-04-29 00:00:00.000",583
"Frances McDormand","P 47305","Drama","1957-06-23 00:00:00.000",584
"Melanie Griffith","P 28845","Comedy","1957-08-09 00:00:00.000",585
"Michael Clarke Duncan","P240637","Children's/Family","1957-12-10 00:00:00.000",586
"Miranda Richardson","P 60083","Drama","1958-03-03 00:00:00.000",587
"Sharon Stone","P 68496","Drama","1958-03-10 00:00:00.000",588
"Holly Hunter","P 34013","Drama","1958-03-20 00:00:00.000",589
"Gary Oldman","P 53946","Drama","1958-03-21 00:00:00.000",590
"Alec Baldwin","P  3515","Comedy","1958-04-03 00:00:00.000",591
"Michelle Pfeiffer","P 56469","Drama","1958-04-29 00:00:00.000",592
"Annette Bening","P  5346","Drama","1958-05-29 00:00:00.000",593
"Angela Bassett","P  4466","Drama","1958-08-16 00:00:00.000",594
"Jennifer Tilly","P 71015","Comedy","1958-09-16 00:00:00.000",595
"Tim Robbins","P108437","Comedy","1958-10-16 00:00:00.000",596
"Viggo Mortensen","P 50903","Drama","1958-10-20 00:00:00.000",597
"Mary Elizabeth Mastrantonio","P 46334","Drama","1958-11-17 00:00:00.000",598
"Linda Blair","P  6531","Drama","1959-01-22 00:00:00.000",599
"Catherine Keener","P 37341","Comedy","1959-03-26 00:00:00.000",600
"Emma Thompson","P 70692","Drama","1959-04-15 00:00:00.000",601
"Mare Winningham","P 76959","Drama","1959-05-16 00:00:00.000",602
"Kevin Spacey","P 67045","Drama","1959-07-26 00:00:00.000",603
"Marcia Gay Harden","P 30312","Drama","1959-08-14 00:00:00.000",604
"John Hawkes","P 31099","Comedy","1959-09-11 00:00:00.000",605
"Ken Watanabe","P 74900","Drama","1959-10-21 00:00:00.000",606
"Patricia Clarkson","P 13504","Drama","1959-12-29 00:00:00.000",607
"Stanley Tucci","P 72023","Comedy","1960-01-11 00:00:00.000",608
"Meg Tilly","P 71016","Drama","1960-02-14 00:00:00.000",609
"Kristin Scott Thomas","P 64027","Drama","1960-05-24 00:00:00.000",610
"Thomas Haden Church","P195520","Comedy","1960-06-17 00:00:00.000",611
"Timothy Hutton","P 34188","Drama","1960-08-16 00:00:00.000",612
"Sean Penn","P106027","Drama","1960-08-17 00:00:00.000",613
"Colin Firth","P 23590","Drama","1960-09-10 00:00:00.000",614
"Melissa Leo","P 41835","Drama","1960-09-14 00:00:00.000",615
"Tilda Swinton","P 69397","Drama","1960-11-05 00:00:00.000",616
"Cathy Moriarty","P 50679","Drama","1960-11-29 00:00:00.000",617
"Julianne Moore","P 50325","Drama","1960-12-03 00:00:00.000",618
"Kenneth Branagh","P 82784","Drama","1960-12-10 00:00:00.000",619
"Eddie Murphy","P 51440","Comedy","1961-04-03 00:00:00.000",620
"Catherine Burns","P237276","Comedy","1961-04-19 00:00:00.000",621
"George Clooney","P 13722","Comedy","1961-05-06 00:00:00.000",622
"Janet McTeer","P 48071","Drama","1961-05-08 00:00:00.000",623
"Tim Roth","P 61768","Drama","1961-05-14 00:00:00.000",624
"Jackie Earle Haley","P 29701","Comedy","1961-07-14 00:00:00.000",625
"Forest Whitaker","P116578","Drama","1961-07-15 00:00:00.000",626
"Elizabeth McGovern","P 47478","Drama","1961-07-18 00:00:00.000",627
"Woody Harrelson","P 30548","Comedy","1961-07-23 00:00:00.000",628
"Laurence Fishburne","P 23625","Drama","1961-07-30 00:00:00.000",629
"Mariel Hemingway","P 93989","Comedy","1961-11-22 00:00:00.000",630
"Tom Cruise","P 86295","Drama","1962-07-03 00:00:00.000",631
"Joan Cusack","P 16328","Comedy","1962-10-11 00:00:00.000",632
"Jodie Foster","P 90220","Drama","1962-11-19 00:00:00.000",633
"Felicity Huffman","P 33774","Drama","1962-12-09 00:00:00.000",634
"Ralph Fiennes","P 23390","Drama","1962-12-22 00:00:00.000",635
"Johnny Depp","P 18682","Drama","1963-06-09 00:00:00.000",636
"Helen Hunt","P 33968","Drama","1963-06-15 00:00:00.000",637
"Greg Kinnear","P200274","Comedy","1963-06-17 00:00:00.000",638
"Demi�n Bichir","P132125","Drama","1963-08-01 00:00:00.000",639
"Virginia Madsen","P 44539","Drama","1963-09-11 00:00:00.000",640
"Elisabeth Shue","P 65475","Drama","1963-10-06 00:00:00.000",641
"Tatum O'Neal","P 53569","Drama","1963-11-05 00:00:00.000",642
"Brad Pitt","P 56988","Drama","1963-12-18 00:00:00.000",643
"Nicolas Cage","P 10155","Drama","1964-01-07 00:00:00.000",644
"Laura Linney","P 42589","Drama","1964-02-05 00:00:00.000",645
"Matt Dillon","P 19210","Drama","1964-02-18 00:00:00.000",646
"Juliette Binoche","P  6261","Drama","1964-03-09 00:00:00.000",647
"Russell Crowe","P 15959","Drama","1964-04-07 00:00:00.000",648
"Djimon Hounsou","P 33391","Drama","1964-04-24 00:00:00.000",649
"Sandra Bullock","P  9472","Comedy","1964-07-26 00:00:00.000",650
"Rosie Perez","P106101","Drama","1964-09-06 00:00:00.000",651
"Clive Owen","P 54491","Drama","1964-10-03 00:00:00.000",652
"Don Cheadle","P 12587","Drama","1964-11-29 00:00:00.000",653
"Marisa Tomei","P 71267","Comedy","1964-12-04 00:00:00.000",654
"Diane Lane","P 40350","Drama","1965-01-22 00:00:00.000",655
"Robert Downey Jr.","P 19966","Comedy","1965-04-04 00:00:00.000",656
"John C. Reilly","P 59476","Comedy","1965-05-24 00:00:00.000",657
"Viola Davis","P321906","Drama","1965-08-11 00:00:00.000",658
"Marlee Matlin","P 46423","Drama","1965-08-24 00:00:00.000",659
"Helena Bonham Carter","P  7266","Drama","1966-05-26 00:00:00.000",660
"Halle Berry","P  5863","Drama","1966-08-14 00:00:00.000",661
"Salma Hayek","P199082","Drama","1966-09-02 00:00:00.000",662
"Emily Watson","P221329","Drama","1967-01-14 00:00:00.000",663
"Laura Dern","P 18704","Drama","1967-02-10 00:00:00.000",664
"Benicio Del Toro","P 18343","Drama","1967-02-19 00:00:00.000",665
"Marianne Jean-Baptiste","P 35350","Drama","1967-04-26 00:00:00.000",666
"Paul Giamatti","P 26680","Comedy","1967-06-06 00:00:00.000",667
"Nicole Kidman","P 38065","Drama","1967-06-20 00:00:00.000",668
"Philip Seymour Hoffman","P 32716","Comedy Drama","1967-07-23 00:00:00.000",669
"Quinn Cummings","P 16154","Drama","1967-08-13 00:00:00.000",670
"Mira Sorvino","P167475","Drama","1967-09-28 00:00:00.000",671
"Julia Roberts","P 60634","Comedy","1967-10-28 00:00:00.000",672
"Mark Ruffalo","P197651","Drama","1967-11-22 00:00:00.000",673
"Mo'Nique","P276938","Comedy","1967-12-11 00:00:00.000",674
"Jamie Foxx","P 24604","Comedy","1967-12-13 00:00:00.000",675
"Sophie Okonedo","P 53909","Drama","1968-01-01 00:00:00.000",676
"Cuba Gooding, Jr.","P 27665","Drama","1968-01-02 00:00:00.000",677
"Josh Brolin","P  8657","Drama","1968-02-12 00:00:00.000",678
"Jaye Davidson","P 17211","Culture & Society  [nf]","1968-03-21 00:00:00.000",679
"Rachel Griffiths","P196152","Drama","1968-06-04 00:00:00.000",680
"Will Smith","P 66596","Comedy","1968-09-25 00:00:00.000",681
"Naomi Watts","P 75056","Drama","1968-09-28 00:00:00.000",682
"Hugh Jackman","P269258","Action","1968-10-12 00:00:00.000",683
"Javier Bardem","P  3887","Drama","1969-03-01 00:00:00.000",684
"Terrence Howard","P 33528","Drama","1969-03-11 00:00:00.000",685
"Ren_e Zellweger","P201027","Comedy","1969-04-25 00:00:00.000",686
"Cate Blanchett","P215038","Drama","1969-05-14 00:00:00.000",687
"Edward Norton","P215904","Drama","1969-08-18 00:00:00.000",688
"Catherine Zeta-Jones","P 36062","Comedy","1969-09-25 00:00:00.000",689
"Amy Ryan","P264377","Drama","1969-11-30 00:00:00.000",690
"Minnie Driver","P199950","Drama","1970-01-31 00:00:00.000",691
"Queen Latifah","P 40714","Comedy","1970-03-18 00:00:00.000",692
"Uma Thurman","P 70905","Comedy","1970-04-29 00:00:00.000",693
"Octavia Spencer","P277587","Comedy","1970-05-25 00:00:00.000",694
"River Phoenix","P 56631","Drama","1970-08-23 00:00:00.000",695
"Melissa McCarthy","P302725","Comedy","1970-08-26 00:00:00.000",696
"Taraji P. Henson","P290117","Drama","1970-09-11 00:00:00.000",697
"Matt Damon","P 16762","Drama","1970-10-08 00:00:00.000",698
"Ethan Hawke","P 31094","Drama","1970-11-06 00:00:00.000",699
"Jennifer Connelly","P 14510","Drama","1970-12-12 00:00:00.000",700
"Jeremy Renner","P199226","Drama","1971-01-07 00:00:00.000",701
"Rachel Weisz","P216376","Drama","1971-03-07 00:00:00.000",702
"Justin Henry","P 31829","Drama","1971-05-25 00:00:00.000",703
"Mark Wahlberg","P198251","Drama","1971-06-05 00:00:00.000",704
"Winona Ryder","P 62446","Drama","1971-10-29 00:00:00.000",705
"Jean Dujardin","P359847","Comedy","1972-06-19 00:00:00.000",706
"Gwyneth Paltrow","P 54871","Drama","1972-09-28 00:00:00.000",707
"Toni Collette","P 14165","Drama","1972-11-01 00:00:00.000",708
"Jude Law","P230573","Drama","1972-12-29 00:00:00.000",709
"Adrien Brody","P  8639","Drama","1973-04-14 00:00:00.000",710
"Juliette Lewis","P 42230","Drama","1973-06-21 00:00:00.000",711
"Vera Farmiga","P241678","Drama","1973-08-06 00:00:00.000",712
"Christian Bale","P  3538","Drama","1974-01-30 00:00:00.000",713
"Pen_lope Cruz","P186999","Drama","1974-04-28 00:00:00.000",714
"Hilary Swank","P167442","Drama","1974-07-30 00:00:00.000",715
"Michael Shannon","P516240","Drama","1974-08-07 00:00:00.000",716
"Joaquin Phoenix","P199220","Drama","1974-10-28 00:00:00.000",717
"Leonardo DiCaprio","P 18926","Drama","1974-11-11 00:00:00.000",718
"Chlo� Sevigny","P230831","Drama","1974-11-18 00:00:00.000",719
"Bradley Cooper","P292123","Comedy","1975-01-05 00:00:00.000",720
"Angelina Jolie","P 36009","Drama","1975-06-04 00:00:00.000",721
"Charlize Theron","P216257","Drama","1975-08-07 00:00:00.000",722
"Casey Affleck","P121005","Comedy","1975-08-12 00:00:00.000",723
"Amy Adams","P273224","Comedy","1975-08-20 00:00:00.000",724
"Michael V. Gazzo","P420383","Music [nf]","1975-09-09 00:00:00.000",725
"Marion Cotillard","P195575","Drama","1975-09-30 00:00:00.000",726
"Kate Winslet","P198332","Drama","1975-10-05 00:00:00.000",727
"Reese Witherspoon","P 77086","Comedy","1976-03-22 00:00:00.000",728
"B_r_nice Bejo","P215010","Comedy","1976-07-07 00:00:00.000",729
"Jessica Chastain","P470479","Adventure","1977-03-29 00:00:00.000",730
"Samantha Morton","P230665","Drama","1977-05-13 00:00:00.000",731
"Maggie Gyllenhaal","P 29409","Drama","1977-11-16 00:00:00.000",732
"James Franco","P299361","Drama","1978-04-19 00:00:00.000",733
"Heath Ledger","P268296","Drama","1979-04-04 00:00:00.000",734
"Kate Hudson","P263367","Comedy","1979-04-19 00:00:00.000",735
"Michelle Williams","P198320","Drama","1980-09-09 00:00:00.000",736
"Ryan Gosling","P279096","Drama","1980-11-12 00:00:00.000",737
"Jake Gyllenhaal","P 29408","Drama","1980-12-19 00:00:00.000",738
"Rinko Kikuchi","P475244","Drama","1981-01-06 00:00:00.000",739
"Catalina Sandino Moreno","P385916","Drama","1981-04-19 00:00:00.000",740
"Natalie Portman","P197461","Drama","1981-06-09 00:00:00.000",741
"Jennifer Hudson","P454405","Drama","1981-09-12 00:00:00.000",742
"Anna Paquin","P198605","Drama","1982-07-24 00:00:00.000",743
"Anne Hathaway","P292630","Drama","1982-11-12 00:00:00.000",744
"Gabourey Sidibe","P612787","Drama","1982-11-30 00:00:00.000",745
"Jesse Eisenberg","P311020","Drama","1983-10-05 00:00:00.000",746
"Jonah Hill","P418718","Comedy","1983-12-20 00:00:00.000",747
"Keira Knightley","P339282","Drama","1985-03-26 00:00:00.000",748
"Rooney Mara","P610931","Comedy","1985-04-17 00:00:00.000",749
"Carey Mulligan","P408443","Drama","1985-05-28 00:00:00.000",750
"Anna Kendrick","P355250","Comedy Drama","1985-08-09 00:00:00.000",751
"Ellen Page","P360080","Drama","1987-02-21 00:00:00.000",752
"Haley Joel Osment","P215938","Comedy","1988-04-10 00:00:00.000",753
"Keisha Castle-Hughes","P340214","Drama","1990-03-24 00:00:00.000",754
"Jennifer Lawrence","P562566","Drama","1990-08-15 00:00:00.000",755
"Saoirse Ronan","P440773","Drama","1994-04-12 00:00:00.000",756
"Abigail Breslin","P328341","Children's/Family","1996-04-14 00:00:00.000",757
"Hailee Steinfeld","P651472","Western","1996-12-11 00:00:00.000",758
"Quvenzhan_ Wallis","P707834",,"2003-08-28 00:00:00.000",759
"Dame May Whitty","P 76079","Drama","1865-06-19 00:00:00.000",760
"Albert Basserman","P  4462","Drama","1867-09-07 00:00:00.000",761
"Henry Travers","P 71634","Drama","1874-03-05 00:00:00.000",762
"Edmund Gwenn","P 29391","Drama","1875-09-26 00:00:00.000",763
"Maria Ouspenskaya","P 54458","Drama","1876-07-29 00:00:00.000",764
"H. B. Warner","P 74739","Drama","1876-10-26 00:00:00.000",765
"Charles Coburn","P 13835","Drama","1877-06-19 00:00:00.000",766
"Harry Carey","P 10873","Western","1878-01-16 00:00:00.000",767
"Lucile Watson","P 75004","Comedy","1879-05-27 00:00:00.000",768
"Ethel Barrymore","P  4290","Drama","1879-08-15 00:00:00.000",769
"Jane Darwell","P 17083","Drama","1879-10-15 00:00:00.000",770
"Sydney Greenstreet","P 28591","Drama","1879-12-27 00:00:00.000",771
"Donald Crisp","P 86224","Drama","1880-07-27 00:00:00.000",772
"Margaret Wycherly","P 77693","Drama","1881-10-26 00:00:00.000",773
"James Gleason","P 91735","Comedy","1882-05-23 00:00:00.000",774
"Walter Huston","P 34142","Drama","1883-04-05 00:00:00.000",775
"Sara Allgood","P   930","Drama","1883-10-31 00:00:00.000",776
"Edna May Oliver","P 53979","Comedy","1883-11-09 00:00:00.000",777
"Billie Burke","P  9595","Comedy","1884-08-07 00:00:00.000",778
"Erich von Stroheim","P118401","Drama","1885-09-22 00:00:00.000",779
"Spring Byington","P 10002","Comedy","1886-10-17 00:00:00.000",780
"Ed Wynn","P 77743","Comedy","1886-11-11 00:00:00.000",781
"Victor McLaglen","P 47783","Drama","1886-12-10 00:00:00.000",782
"Paul Lukas","P 43708","Drama","1887-05-26 00:00:00.000",783
"Roland Young","P 78205","Comedy","1887-11-11 00:00:00.000",784
"Dame Edith Evans","P 22248","Drama","1888-02-08 00:00:00.000",785
"Barry Fitzgerald","P 23688","Drama","1888-03-10 00:00:00.000",786
"James Stephenson","P 68010","Drama","1888-04-14 00:00:00.000",787
"Beulah Bondi","P  7241","Drama","1888-05-03 00:00:00.000",788
"Monty Woolley","P 77496","Comedy","1888-08-17 00:00:00.000",789
"Gladys Cooper","P 14818","Drama","1888-12-18 00:00:00.000",790
"Brian Donlevy","P 19633","Action","1889-02-09 00:00:00.000",791
"Charles Chaplin","P 12334","Comedy","1889-04-16 00:00:00.000",792
"Sessue Hayakawa","P 31162","Drama","1889-06-10 00:00:00.000",793
"Marjorie Rambeau","P 58605","Drama","1889-07-15 00:00:00.000",794
"Claude Rains","P 58546","Drama","1889-11-10 00:00:00.000",795
"Marjorie Main","P 44693","Comedy","1890-02-24 00:00:00.000",796
"Frank Morgan","P 50579","Drama","1890-06-01 00:00:00.000",797
"Stanley Holloway","P 32937","Comedy","1890-10-01 00:00:00.000",798
"Charles Bickford","P  6091","Drama","1891-01-01 00:00:00.000",799
"Ronald Colman","P 14296","Drama","1891-02-09 00:00:00.000",800
"Sam Jaffe","P 95767","Drama","1891-03-10 00:00:00.000",801
"Gene Lockhart","P 42889","Drama","1891-07-18 00:00:00.000",802
"Michael Chekhov","P 12612","Drama","1891-08-29 00:00:00.000",803
"Clifton Webb","P 75151","Comedy","1891-11-19 00:00:00.000",804
"Fay Bainter","P  3331","Drama","1891-12-07 00:00:00.000",805
"Peggy Wood","P 77341","Comedy","1892-02-09 00:00:00.000",806
"William Demarest","P 18513","Comedy","1892-02-27 00:00:00.000",807
"Margaret Rutherford","P 62313","Comedy","1892-05-11 00:00:00.000",808
"Hattie McDaniel","P 30998","Comedy","1892-06-10 00:00:00.000",809
"Basil Rathbone","P 58888","Drama","1892-06-13 00:00:00.000",810
"Thomas Mitchell","P103093","Drama","1892-07-11 00:00:00.000",811
"William Powell","P 57536","Drama","1892-07-29 00:00:00.000",812
"Alice Brady","P  7987","Comedy","1892-11-02 00:00:00.000",813
"Leslie Howard","P 94979","Drama","1893-04-24 00:00:00.000",814
"Cecil Kellaway","P 37418","Comedy","1893-08-22 00:00:00.000",815
"Lillian Gish","P 27129","Drama","1893-10-14 00:00:00.000",816
"Walter Brennan","P  8313","Western","1894-07-25 00:00:00.000",817
"Louis Calhern","P 10266","Drama","1895-02-16 00:00:00.000",818
"Paul Muni","P 51322","Drama","1895-09-22 00:00:00.000",819
"George Burns","P  9701","Comedy","1896-01-20 00:00:00.000",820
"Joseph Schildkraut","P 63650","Drama","1896-03-22 00:00:00.000",821
"Raymond Massey","P 46298","Drama","1896-08-30 00:00:00.000",822
"Ruth Gordon","P 92118","Comedy","1896-10-30 00:00:00.000",823
"Ethel Waters","P 74929","Musical","1896-10-31 00:00:00.000",824
"Lilia Skala","P 66067","Drama","1896-11-28 00:00:00.000",825
"J. Carrol Naish","P 51742","Drama","1897-01-21 00:00:00.000",826
"Gloria Swanson","P 69293","Drama","1897-03-27 00:00:00.000",827
"Fredric March","P 45310","Drama","1897-08-31 00:00:00.000",828
"Hope Emerson","P 21786","Comedy","1897-10-27 00:00:00.000",829
"Judith Anderson","P  1508","Drama","1898-02-10 00:00:00.000",830
"Lee Tracy","P 71575","Drama","1898-04-14 00:00:00.000",831
"Oscar Homolka","P 33090","Drama","1898-08-12 00:00:00.000",832
"Shirley Booth","P  7386","Drama","1898-08-30 00:00:00.000",833
"Walter Pidgeon","P 56729","Drama","1898-09-23 00:00:00.000",834
"Lotte Lenya","P 41824","Drama","1898-10-18 00:00:00.000",835
"Irene Dunne","P 20649","Drama","1898-12-20 00:00:00.000",836
"Eva Le Gallienne","P 41093","Drama","1899-01-11 00:00:00.000",837
"Gale Sondergaard","P 66879","Drama","1899-02-15 00:00:00.000",838
"Aline MacMahon","P 44282","Drama","1899-05-03 00:00:00.000",839
"Fred Astaire","P 80113","Musical","1899-05-10 00:00:00.000",840
"Charles Laughton","P 98862","Drama","1899-07-01 00:00:00.000",841
"James Cagney","P 10165","Drama","1899-07-17 00:00:00.000",842
"Chief Dan George","P207556","Drama","1899-07-24 00:00:00.000",843
"Charles Boyer","P  7830","Drama","1899-08-28 00:00:00.000",844
"Ida Kaminska","P 36748","Drama","1899-09-04 00:00:00.000",845
"Akim Tamiroff","P 69745","Drama","1899-10-29 00:00:00.000",846
"Humphrey Bogart","P  7027","Drama","1899-12-25 00:00:00.000",847
